,TCGA_BLCA_mutect,TCGA_BRCA_mutect,TCGA_CESC_mutect,TCGA_COAD_mutect,TCGA_ESCA_mutect,TCGA_GBM_mutect,TCGA_HNSC_mutect,TCGA_LIHC_mutect,TCGA_LUAD_mutect,TCGA_LUSC_mutect,TCGA_OV_mutect,TCGA_SKCM_mutect,TCGA_STAD_mutect,TCGA_UCEC_mutect
0,0.3,0.153846153846,0.769230769231,1.0,0.222222222222,0.272727272727,0.285714285714,0.5,0.188679245283,0.142857142857,0.333333333333,0.117647058824,0.470588235294,0.341772151899
1,1.0,0.230769230769,0.769230769231,0.285714285714,1.0,0.181818181818,0.5,0.166666666667,0.132075471698,0.285714285714,0.833333333333,0.169934640523,0.705882352941,0.721518987342
2,0.8,1.0,1.0,1.0,0.555555555556,1.0,1.0,1.0,1.0,1.0,1.0,1.0,1.0,1.0
